,trend,p-value,tau,Project ID,visit_no
0,increasing,0.0025317638514126273,0.42193548387096774,RJ2174,1.0
1,decreasing,0.009732663111553075,-0.2739085118702953,US0688,1.0
2,no trend,0.25195649700387523,0.08329567533001714,UP0787,1.0
3,no trend,0.09906043456802638,0.27818928061821624,IG2110,1.0
4,increasing,6.601966373964707e-05,0.2524827399477655,IT2424,1.0
5,no trend,0.8855675432004926,-0.017885117493472585,IE3963,1.0
6,no trend,0.12202431430291516,0.13780004886526556,IL0326,1.0
7,no trend,0.42087750739633045,-0.05899079157461887,NR0439,1.0
8,decreasing,1.894662204904307e-11,-0.25169982919530337,GK3908,1.0
9,no trend,0.2955577907494433,0.16048272716398448,ZS0567,1.0
10,increasing,0.017371787515376935,0.08534475363602598,ZD2042,1.0
11,no trend,0.057683842429326004,-0.10880958363943495,TF3042,1.0
12,decreasing,0.00018414264807198322,-0.2107843393901222,TL1776,1.0
13,increasing,0.002813566314074034,0.22493608035114357,SS0783,1.0
14,increasing,0.001265098238699025,0.23424532298024436,SY1067,1.0
15,decreasing,0.023767137567104912,-0.30555318783039115,AC0922,1.0
16,no trend,0.540050577760919,-0.07862635966836794,AX3638,1.0
17,no trend,0.2788904544221449,-0.10906555090655509,AW3455,1.0
18,increasing,1.383010392874695e-07,0.45491501080398306,FI0513,1.0
19,no trend,0.09734388296778196,0.21937321937321938,FG2140,1.0
20,decreasing,6.236060556830125e-10,-0.4346890137832378,OZ1875,1.0
21,no trend,0.5989251175350789,0.047065197760520136,OT3257,1.0
22,increasing,0.026849051476165675,0.21863500843277164,HT3309,1.0
23,no trend,0.05565239366771246,0.10434349612652863,HO2013,1.0
24,no trend,0.11499774651285888,0.2179591836734694,HD0362,1.0
25,decreasing,0.006195371421151341,-0.3149422643245567,HQ0742,1.0
26,decreasing,0.009516088327510053,-0.1723733015416363,MP2202,1.0
27,no trend,0.1267104074634533,-0.16372214697270585,JT0073,1.0
28,no trend,0.15482451346258808,-0.2904846545799265,JB3771,1.0
29,no trend,0.25719883135594035,-0.11392565751296445,CD0102,1.0
30,no trend,0.24804768582726977,-0.15725257333250908,CE1410,1.0
31,no trend,0.6918578594518223,-0.02942189344470899,DR1024,1.0
32,no trend,0.6246541341367471,0.1082685664939551,DN0147,1.0
33,no trend,0.148998049805821,-0.15072527089534052,VL1618,1.0
34,no trend,0.2828097284141584,0.12503953778902407,QZ1790,1.0
35,increasing,0.0017608769885140152,0.21393085099550505,QE3528,1.0
36,no trend,0.1877025420975742,-0.06690852552474734,QP0868,1.0
37,no trend,0.8761867164188601,0.015415714376769894,XT0533,1.0
38,no trend,0.14747252223552287,0.15258288988948016,XX0133,1.0
39,decreasing,0.0003660946971153489,-0.4034498571887672,XL3477,1.0
40,increasing,0.03918812422875795,0.2512909932264771,EA0217,1.0
41,decreasing,0.0294361293121439,-0.23144736648184747,KU0249,1.0
42,decreasing,1.3628920556563173e-06,-0.44470391993327774,KA2891,1.0
43,no trend,0.23654110965828257,0.18189451186932296,YX0518,1.0
44,increasing,0.0007022752659546772,0.33602599904073027,YB2167,1.0
45,no trend,0.13412635673625894,-0.1126489228891539,WN1855,1.0
46,no trend,0.23592763856212273,0.0995794976701898,WB0703,1.0
47,decreasing,0.04197625262676463,-0.1848232500867006,UP2386,2.0
48,increasing,0.009516769742597075,0.32675853258512255,IH3697,2.0
49,no trend,0.89840974288914,-0.006710353540755134,TD2282,2.0
50,increasing,6.360123303128518e-06,0.15351982593212338,HH3535,2.0
51,no trend,0.4381740494411035,-0.08472734703000703,HX3033,2.0
52,decreasing,0.038588224872721844,-0.08520991413058382,MR2536,2.0
53,decreasing,0.044431969366513835,-0.1825299007822245,MF2141,2.0
54,increasing,0.0002486180261653814,0.28292060741991315,ME0730,2.0
55,increasing,0.008170592726644221,0.10776233080546734,DS2559,2.0
56,decreasing,0.010703640831633221,-0.2930754233389559,XZ2583,2.0
57,no trend,0.06175767247468045,-0.28476366609392145,LO0909,2.0
58,no trend,0.4353692209368618,-0.166541822721598,RK1399,3.0
59,increasing,6.2712680816146e-05,0.21011570732295543,SZ1124,3.0
60,no trend,0.1876240441692043,0.014562662395266344,OH1146,3.0
61,increasing,0.00413051902885142,0.18911296553855664,VY1044,3.0
62,decreasing,0.026481932282204967,-0.30515016116483273,MA0727,4.0
63,no trend,0.12723341128281307,-0.1482902418682235,QF1860,4.0
64,decreasing,0.026634077101748588,-0.23194102849775422,YE1235,4.0
65,decreasing,0.0160146312124263,-0.2577632731485406,XV1539,5.0
66,no trend,0.11352265750524104,0.20986139549664828,XY2210,5.0
